0.000000000000000000e+00,0.000000000000000000e+00,0.000000000000000000e+00,3.014519731013565185e-02,0.000000000000000000e+00,0.000000000000000000e+00,2.132829565199666488e-01,0.000000000000000000e+00,0.000000000000000000e+00,0.000000000000000000e+00,0.000000000000000000e+00,0.000000000000000000e+00,1.622227300397477645e+00,3.791179195898066734e-01,0.000000000000000000e+00,0.000000000000000000e+00,2.643727619001373097e-01,1.511423847014617294e+00,0.000000000000000000e+00,0.000000000000000000e+00,0.000000000000000000e+00,0.000000000000000000e+00,0.000000000000000000e+00,0.000000000000000000e+00,0.000000000000000000e+00,0.000000000000000000e+00,0.000000000000000000e+00,0.000000000000000000e+00,0.000000000000000000e+00,0.000000000000000000e+00,0.000000000000000000e+00,0.000000000000000000e+00,4.047621004111876530e-01,6.095557504574402596e-01,5.036621442102494628e-01,0.000000000000000000e+00,0.000000000000000000e+00,0.000000000000000000e+00,0.000000000000000000e+00,0.000000000000000000e+00,2.595881621581246357e-01,5.287091747890292764e-02,0.000000000000000000e+00,7.569212987142555082e-01,0.000000000000000000e+00,0.000000000000000000e+00,0.000000000000000000e+00,0.000000000000000000e+00,2.645683116071042423e-02
0.000000000000000000e+00,0.000000000000000000e+00,0.000000000000000000e+00,0.000000000000000000e+00,0.000000000000000000e+00,0.000000000000000000e+00,6.542936957897780292e-01,0.000000000000000000e+00,0.000000000000000000e+00,0.000000000000000000e+00,0.000000000000000000e+00,0.000000000000000000e+00,1.458346135360014229e+00,8.957622070135238257e-01,0.000000000000000000e+00,0.000000000000000000e+00,0.000000000000000000e+00,1.844787850180571454e+00,0.000000000000000000e+00,0.000000000000000000e+00,0.000000000000000000e+00,0.000000000000000000e+00,0.000000000000000000e+00,0.000000000000000000e+00,0.000000000000000000e+00,0.000000000000000000e+00,0.000000000000000000e+00,0.000000000000000000e+00,0.000000000000000000e+00,0.000000000000000000e+00,0.000000000000000000e+00,0.000000000000000000e+00,0.000000000000000000e+00,0.000000000000000000e+00,8.161912712118792879e-01,0.000000000000000000e+00,0.000000000000000000e+00,0.000000000000000000e+00,8.669593818653437145e-02,0.000000000000000000e+00,9.567029248817188192e-02,6.124214695954276477e-01,0.000000000000000000e+00,0.000000000000000000e+00,0.000000000000000000e+00,0.000000000000000000e+00,0.000000000000000000e+00,5.128895553587316247e-02,3.171928026234353548e-01
0.000000000000000000e+00,0.000000000000000000e+00,0.000000000000000000e+00,0.000000000000000000e+00,0.000000000000000000e+00,0.000000000000000000e+00,1.345813725803703120e-01,0.000000000000000000e+00,0.000000000000000000e+00,5.614751844833729133e-02,0.000000000000000000e+00,0.000000000000000000e+00,0.000000000000000000e+00,8.370659895447349341e-02,0.000000000000000000e+00,3.502508967282382674e-02,0.000000000000000000e+00,8.539014518336305315e-01,0.000000000000000000e+00,0.000000000000000000e+00,0.000000000000000000e+00,0.000000000000000000e+00,0.000000000000000000e+00,0.000000000000000000e+00,0.000000000000000000e+00,0.000000000000000000e+00,0.000000000000000000e+00,0.000000000000000000e+00,0.000000000000000000e+00,0.000000000000000000e+00,0.000000000000000000e+00,0.000000000000000000e+00,0.000000000000000000e+00,0.000000000000000000e+00,2.280040257007855675e-01,0.000000000000000000e+00,0.000000000000000000e+00,0.000000000000000000e+00,1.882754181608907507e+00,0.000000000000000000e+00,0.000000000000000000e+00,2.799794404079236632e-01,0.000000000000000000e+00,0.000000000000000000e+00,0.000000000000000000e+00,0.000000000000000000e+00,0.000000000000000000e+00,7.199400193992985253e-01,2.025469705127412645e+00
0.000000000000000000e+00,7.808102620012995730e-03,0.000000000000000000e+00,1.218631963218941121e-02,0.000000000000000000e+00,0.000000000000000000e+00,0.000000000000000000e+00,0.000000000000000000e+00,0.000000000000000000e+00,0.000000000000000000e+00,0.000000000000000000e+00,0.000000000000000000e+00,0.000000000000000000e+00,0.000000000000000000e+00,0.000000000000000000e+00,0.000000000000000000e+00,7.838700756415550516e-03,0.000000000000000000e+00,0.000000000000000000e+00,1.008457801265475018e+00,0.000000000000000000e+00,0.000000000000000000e+00,0.000000000000000000e+00,0.000000000000000000e+00,0.000000000000000000e+00,0.000000000000000000e+00,0.000000000000000000e+00,0.000000000000000000e+00,0.000000000000000000e+00,0.000000000000000000e+00,0.000000000000000000e+00,0.000000000000000000e+00,3.442775625938095940e-01,0.000000000000000000e+00,3.829260051959353928e-01,4.791571584257749150e-02,0.000000000000000000e+00,0.000000000000000000e+00,6.190464827357124999e-01,2.341332827148538132e-01,0.000000000000000000e+00,3.456905951552975420e-01,0.000000000000000000e+00,0.000000000000000000e+00,0.000000000000000000e+00,0.000000000000000000e+00,1.334094442058315400e+00,1.559398774589030867e-01,1.937034480959696880e+00
0.000000000000000000e+00,0.000000000000000000e+00,0.000000000000000000e+00,1.131379081696943512e-01,0.000000000000000000e+00,0.000000000000000000e+00,0.000000000000000000e+00,0.000000000000000000e+00,0.000000000000000000e+00,0.000000000000000000e+00,0.000000000000000000e+00,0.000000000000000000e+00,0.000000000000000000e+00,0.000000000000000000e+00,0.000000000000000000e+00,0.000000000000000000e+00,0.000000000000000000e+00,0.000000000000000000e+00,0.000000000000000000e+00,0.000000000000000000e+00,0.000000000000000000e+00,0.000000000000000000e+00,6.235993568004754434e-02,2.141468264897292417e-01,0.000000000000000000e+00,0.000000000000000000e+00,0.000000000000000000e+00,1.606771719094355066e-01,5.271102171060824126e-01,1.357098687497261480e+00,0.000000000000000000e+00,0.000000000000000000e+00,5.023175911941737404e-01,0.000000000000000000e+00,8.550069951853717098e-02,4.118551857224646562e-01,1.138296385509881770e+00,0.000000000000000000e+00,1.950672061922257283e-01,3.239735188070157895e-02,0.000000000000000000e+00,8.385152040141887961e-03,6.136189830964524500e-02,3.623124822689060415e-02,0.000000000000000000e+00,2.288189997677577026e+00,2.456770327266293297e+00,1.068378114957621916e+00,1.151188386400334440e-01
0.000000000000000000e+00,6.547299072832167728e-03,0.000000000000000000e+00,1.352655862785630825e-01,0.000000000000000000e+00,8.518250770008973030e-03,0.000000000000000000e+00,0.000000000000000000e+00,0.000000000000000000e+00,2.591765389916780848e-02,1.705639663429021902e-01,0.000000000000000000e+00,5.489588447848108288e-01,0.000000000000000000e+00,0.000000000000000000e+00,8.550674183189257982e-02,5.196630457978739653e-02,0.000000000000000000e+00,0.000000000000000000e+00,1.445423867092213849e-02,0.000000000000000000e+00,0.000000000000000000e+00,0.000000000000000000e+00,0.000000000000000000e+00,0.000000000000000000e+00,0.000000000000000000e+00,2.048432967003200322e-01,0.000000000000000000e+00,0.000000000000000000e+00,8.799359319428609952e-03,0.000000000000000000e+00,1.570713822040221030e+00,2.522824875772150532e-01,2.749651712100171785e-01,1.776933527051036243e+00,0.000000000000000000e+00,0.000000000000000000e+00,0.000000000000000000e+00,9.559267758665881964e-02,3.044571291910962985e-01,0.000000000000000000e+00,3.234333508854322914e-01,0.000000000000000000e+00,0.000000000000000000e+00,0.000000000000000000e+00,4.562676103453023324e-01,2.236180442087718490e+00,1.338070725163802155e-01,9.929733306465909903e-02
0.000000000000000000e+00,1.928916280703548911e-02,0.000000000000000000e+00,2.569218530119694588e-01,0.000000000000000000e+00,7.831235043211395158e-03,0.000000000000000000e+00,0.000000000000000000e+00,0.000000000000000000e+00,0.000000000000000000e+00,0.000000000000000000e+00,0.000000000000000000e+00,0.000000000000000000e+00,0.000000000000000000e+00,0.000000000000000000e+00,0.000000000000000000e+00,0.000000000000000000e+00,0.000000000000000000e+00,0.000000000000000000e+00,0.000000000000000000e+00,0.000000000000000000e+00,0.000000000000000000e+00,0.000000000000000000e+00,0.000000000000000000e+00,0.000000000000000000e+00,0.000000000000000000e+00,8.785385816989544905e-01,4.939682176386057111e-01,0.000000000000000000e+00,0.000000000000000000e+00,0.000000000000000000e+00,1.851333705176707312e-01,1.037056505753054969e+00,1.778735581263594545e+00,2.060061952409022012e+00,0.000000000000000000e+00,0.000000000000000000e+00,0.000000000000000000e+00,0.000000000000000000e+00,0.000000000000000000e+00,0.000000000000000000e+00,0.000000000000000000e+00,0.000000000000000000e+00,0.000000000000000000e+00,0.000000000000000000e+00,0.000000000000000000e+00,0.000000000000000000e+00,0.000000000000000000e+00,3.758584464481721232e-01
0.000000000000000000e+00,0.000000000000000000e+00,0.000000000000000000e+00,0.000000000000000000e+00,0.000000000000000000e+00,4.132022259997352176e-01,8.987385418580760010e-01,0.000000000000000000e+00,0.000000000000000000e+00,0.000000000000000000e+00,4.596061734397121068e-01,0.000000000000000000e+00,1.997360741599901068e+00,6.758213196178782800e-01,0.000000000000000000e+00,0.000000000000000000e+00,1.291369119035616631e-01,7.597725463603895169e-02,0.000000000000000000e+00,0.000000000000000000e+00,6.974426188176431618e-02,0.000000000000000000e+00,0.000000000000000000e+00,0.000000000000000000e+00,0.000000000000000000e+00,0.000000000000000000e+00,0.000000000000000000e+00,7.577523514102498803e-01,0.000000000000000000e+00,0.000000000000000000e+00,0.000000000000000000e+00,0.000000000000000000e+00,4.547390163416275000e-01,3.700775698780705558e-01,1.119259696163709572e+00,0.000000000000000000e+00,0.000000000000000000e+00,0.000000000000000000e+00,0.000000000000000000e+00,3.138535759373471401e-01,4.525800859491049266e-01,9.802635612140266907e-01,0.000000000000000000e+00,7.242987994374948668e-01,0.000000000000000000e+00,0.000000000000000000e+00,0.000000000000000000e+00,8.774794842824215624e-03,4.431455852659808570e-01
0.000000000000000000e+00,0.000000000000000000e+00,0.000000000000000000e+00,0.000000000000000000e+00,0.000000000000000000e+00,3.909898311891178979e-01,1.551551889074577639e+00,0.000000000000000000e+00,0.000000000000000000e+00,0.000000000000000000e+00,5.824560303101117276e-01,0.000000000000000000e+00,1.447911684536546728e+00,6.389684905065344811e-01,0.000000000000000000e+00,0.000000000000000000e+00,1.681245729029838543e-02,5.802475494664554034e-01,0.000000000000000000e+00,0.000000000000000000e+00,0.000000000000000000e+00,0.000000000000000000e+00,0.000000000000000000e+00,0.000000000000000000e+00,0.000000000000000000e+00,0.000000000000000000e+00,0.000000000000000000e+00,5.383935015326217766e-01,0.000000000000000000e+00,0.000000000000000000e+00,0.000000000000000000e+00,0.000000000000000000e+00,4.948777047116361127e-01,0.000000000000000000e+00,4.634558065650448699e-01,0.000000000000000000e+00,0.000000000000000000e+00,0.000000000000000000e+00,0.000000000000000000e+00,9.310360149628333915e-01,5.234123559970033090e-01,5.372358476713005038e-01,0.000000000000000000e+00,4.927611238792359294e-02,0.000000000000000000e+00,0.000000000000000000e+00,1.301897762795330149e-01,8.552550627600645772e-01,0.000000000000000000e+00
0.000000000000000000e+00,0.000000000000000000e+00,0.000000000000000000e+00,0.000000000000000000e+00,0.000000000000000000e+00,2.863493799825789776e-01,8.305935576537152309e-01,0.000000000000000000e+00,0.000000000000000000e+00,9.598781645377328642e-02,1.850456056304110586e-01,0.000000000000000000e+00,0.000000000000000000e+00,5.950041141318329618e-01,0.000000000000000000e+00,0.000000000000000000e+00,4.237188513487832875e-01,6.570258487385727264e-01,0.000000000000000000e+00,0.000000000000000000e+00,0.000000000000000000e+00,0.000000000000000000e+00,8.509880386707252206e-03,3.516915223893438136e-01,0.000000000000000000e+00,0.000000000000000000e+00,0.000000000000000000e+00,5.296565528888153018e-01,0.000000000000000000e+00,0.000000000000000000e+00,0.000000000000000000e+00,0.000000000000000000e+00,4.477305969302445288e-01,0.000000000000000000e+00,8.770066553938469234e-01,0.000000000000000000e+00,0.000000000000000000e+00,0.000000000000000000e+00,5.390533621621702576e-01,8.383749132594774389e-01,3.438334649214336292e-02,0.000000000000000000e+00,3.358316356399138058e-02,0.000000000000000000e+00,0.000000000000000000e+00,1.990483120653434856e-01,3.644139411497024916e-01,1.683145102216729194e+00,3.253371289907235897e-01
0.000000000000000000e+00,0.000000000000000000e+00,0.000000000000000000e+00,0.000000000000000000e+00,0.000000000000000000e+00,0.000000000000000000e+00,0.000000000000000000e+00,0.000000000000000000e+00,0.000000000000000000e+00,0.000000000000000000e+00,0.000000000000000000e+00,0.000000000000000000e+00,0.000000000000000000e+00,0.000000000000000000e+00,0.000000000000000000e+00,0.000000000000000000e+00,1.606308223304891702e-01,6.610953472155604860e-02,0.000000000000000000e+00,0.000000000000000000e+00,0.000000000000000000e+00,0.000000000000000000e+00,2.189288613499849878e-01,3.636050494167433755e-01,0.000000000000000000e+00,0.000000000000000000e+00,0.000000000000000000e+00,0.000000000000000000e+00,2.244848130065045577e+00,6.845672459512054386e-01,0.000000000000000000e+00,0.000000000000000000e+00,6.566195445248806939e-02,0.000000000000000000e+00,0.000000000000000000e+00,2.372530498528852672e+00,6.851292832816144318e-02,0.000000000000000000e+00,0.000000000000000000e+00,0.000000000000000000e+00,0.000000000000000000e+00,0.000000000000000000e+00,1.506469665031919258e-01,0.000000000000000000e+00,0.000000000000000000e+00,2.886758822870524877e-01,1.224784531098159990e+00,1.811080838148182437e-01,4.339835172081167591e-02
0.000000000000000000e+00,0.000000000000000000e+00,0.000000000000000000e+00,0.000000000000000000e+00,0.000000000000000000e+00,1.161352459527432712e-01,7.595460252706635884e-02,0.000000000000000000e+00,0.000000000000000000e+00,2.619454340104390710e-02,0.000000000000000000e+00,0.000000000000000000e+00,0.000000000000000000e+00,5.815675347872889533e-02,0.000000000000000000e+00,1.064551911155656450e-01,0.000000000000000000e+00,3.188790051134409165e-01,0.000000000000000000e+00,0.000000000000000000e+00,0.000000000000000000e+00,9.146713365252970851e-01,1.766493309986959082e+00,6.782564280986700389e-01,0.000000000000000000e+00,0.000000000000000000e+00,0.000000000000000000e+00,9.525011982420195089e-02,2.102100468447887227e+00,1.538577531913714491e+00,0.000000000000000000e+00,0.000000000000000000e+00,3.272441888290253398e-02,1.710730877196623909e-02,8.620507351374611174e-03,3.312325292656876918e-01,5.908832736738055535e-01,0.000000000000000000e+00,3.133652296742946985e-01,0.000000000000000000e+00,2.550751451208900511e-02,1.742540366356885861e-02,4.514544265379226151e-01,5.437276047945972524e-01,0.000000000000000000e+00,1.713488791612823636e+00,8.712642145536320104e-01,0.000000000000000000e+00,4.434126514586320122e-01
0.000000000000000000e+00,0.000000000000000000e+00,0.000000000000000000e+00,1.164275726291118668e-01,0.000000000000000000e+00,1.280407472015518133e-01,2.306737629280934399e-01,0.000000000000000000e+00,0.000000000000000000e+00,0.000000000000000000e+00,1.661986305819113108e-02,0.000000000000000000e+00,9.327727086567692838e-02,1.426885570965156502e-01,0.000000000000000000e+00,3.420186465582378266e-02,4.998064956440412265e-02,3.973638807916296534e-01,0.000000000000000000e+00,0.000000000000000000e+00,0.000000000000000000e+00,1.808305653060696683e-01,2.207220812188721293e-01,2.653182388033609174e-02,0.000000000000000000e+00,0.000000000000000000e+00,0.000000000000000000e+00,7.725846261678588622e-02,1.704384324982445575e-02,2.638133001439524339e-01,0.000000000000000000e+00,1.538879422081742554e-01,2.497605590297614919e-02,2.743320457721108996e-01,0.000000000000000000e+00,0.000000000000000000e+00,3.358139312136708132e-01,0.000000000000000000e+00,8.806092334404488214e-03,2.949605980346890477e-01,6.886511478305379352e-02,7.135199293347682659e-01,3.882500987393963099e-01,2.872218998730283746e-01,0.000000000000000000e+00,1.531237207296784586e+00,1.164707420623107836e+00,0.000000000000000000e+00,1.852071424759327567e-01
0.000000000000000000e+00,0.000000000000000000e+00,0.000000000000000000e+00,0.000000000000000000e+00,0.000000000000000000e+00,2.574141233819375318e-01,0.000000000000000000e+00,0.000000000000000000e+00,0.000000000000000000e+00,0.000000000000000000e+00,0.000000000000000000e+00,0.000000000000000000e+00,0.000000000000000000e+00,0.000000000000000000e+00,0.000000000000000000e+00,0.000000000000000000e+00,0.000000000000000000e+00,0.000000000000000000e+00,0.000000000000000000e+00,0.000000000000000000e+00,0.000000000000000000e+00,1.953468346125160071e-01,1.679958299577335307e-02,0.000000000000000000e+00,0.000000000000000000e+00,0.000000000000000000e+00,1.280627482387345362e-01,0.000000000000000000e+00,0.000000000000000000e+00,0.000000000000000000e+00,0.000000000000000000e+00,0.000000000000000000e+00,5.000058892781636954e-01,1.605632179491790212e-01,0.000000000000000000e+00,0.000000000000000000e+00,0.000000000000000000e+00,0.000000000000000000e+00,0.000000000000000000e+00,0.000000000000000000e+00,0.000000000000000000e+00,9.440274519868342706e-02,0.000000000000000000e+00,0.000000000000000000e+00,0.000000000000000000e+00,3.975787133642255666e-01,5.482937801897613816e-01,8.694196677502642467e-01,7.056162375389309904e-01
0.000000000000000000e+00,0.000000000000000000e+00,0.000000000000000000e+00,0.000000000000000000e+00,0.000000000000000000e+00,6.725035794509119924e-01,1.998442896544769143e+00,0.000000000000000000e+00,0.000000000000000000e+00,1.479713171611775069e-01,1.497708459884574406e-01,0.000000000000000000e+00,2.681123077054134440e-01,2.142041729398001415e+00,0.000000000000000000e+00,0.000000000000000000e+00,2.619525831158310281e-01,2.057120978800388300e-01,0.000000000000000000e+00,0.000000000000000000e+00,1.244618665429700621e-01,0.000000000000000000e+00,8.391749549492665342e-03,2.867691996204802529e-01,0.000000000000000000e+00,0.000000000000000000e+00,3.048062329099514578e-01,3.309358183999767111e-01,0.000000000000000000e+00,0.000000000000000000e+00,0.000000000000000000e+00,0.000000000000000000e+00,8.151702518493773864e-02,6.955027369734392284e-01,8.050736615082805248e-01,0.000000000000000000e+00,0.000000000000000000e+00,0.000000000000000000e+00,8.912688817397906860e-02,7.318717173167890166e-01,1.013869705173596342e-01,0.000000000000000000e+00,0.000000000000000000e+00,0.000000000000000000e+00,0.000000000000000000e+00,0.000000000000000000e+00,0.000000000000000000e+00,1.194098795099466231e-01,5.095265714555570202e-01
0.000000000000000000e+00,0.000000000000000000e+00,0.000000000000000000e+00,7.205155221451103528e-03,0.000000000000000000e+00,1.655441522829773859e+00,7.546197073587110893e-01,0.000000000000000000e+00,0.000000000000000000e+00,2.923425820315823653e-01,8.560099759840407441e-03,0.000000000000000000e+00,2.514361300677145361e-01,2.416301187426259656e-01,0.000000000000000000e+00,0.000000000000000000e+00,1.467045050124852201e-01,6.171517975031222125e-01,0.000000000000000000e+00,0.000000000000000000e+00,4.180187206034579606e-01,0.000000000000000000e+00,0.000000000000000000e+00,1.569345043618828039e-01,0.000000000000000000e+00,0.000000000000000000e+00,4.899486972060667633e-01,5.154470477776329496e-01,0.000000000000000000e+00,3.432012279728760551e-01,0.000000000000000000e+00,0.000000000000000000e+00,3.304452682784005391e-01,2.801453500722205225e-01,3.854858130760792645e-01,0.000000000000000000e+00,0.000000000000000000e+00,0.000000000000000000e+00,1.063884173593522275e-01,7.940938789024721833e-01,2.624937666654095780e-01,1.748987058562437996e-02,0.000000000000000000e+00,2.440837043817591090e-01,0.000000000000000000e+00,0.000000000000000000e+00,0.000000000000000000e+00,1.066382314697740807e-01,1.307414118884955290e-01
0.000000000000000000e+00,0.000000000000000000e+00,0.000000000000000000e+00,0.000000000000000000e+00,0.000000000000000000e+00,1.332856094057892071e-01,9.222354084104837924e-01,0.000000000000000000e+00,0.000000000000000000e+00,0.000000000000000000e+00,0.000000000000000000e+00,0.000000000000000000e+00,0.000000000000000000e+00,1.433816993629463132e-01,0.000000000000000000e+00,0.000000000000000000e+00,2.444397766655085069e-01,7.660013679790180774e-01,0.000000000000000000e+00,0.000000000000000000e+00,0.000000000000000000e+00,0.000000000000000000e+00,1.162962225339757016e-01,0.000000000000000000e+00,0.000000000000000000e+00,0.000000000000000000e+00,0.000000000000000000e+00,0.000000000000000000e+00,6.971558790224021696e-01,4.349133529603990134e-01,0.000000000000000000e+00,0.000000000000000000e+00,6.362655266370028651e-01,0.000000000000000000e+00,0.000000000000000000e+00,0.000000000000000000e+00,0.000000000000000000e+00,0.000000000000000000e+00,2.323685902931040270e-01,1.861605899514513218e-01,1.726118893542582036e-02,0.000000000000000000e+00,0.000000000000000000e+00,1.191630975950876747e+00,0.000000000000000000e+00,0.000000000000000000e+00,0.000000000000000000e+00,0.000000000000000000e+00,2.538110686481422351e-01
0.000000000000000000e+00,0.000000000000000000e+00,0.000000000000000000e+00,0.000000000000000000e+00,0.000000000000000000e+00,9.736941137397378543e-02,1.773235418703505151e-01,0.000000000000000000e+00,0.000000000000000000e+00,6.230115150287714870e-02,7.958313706450738378e-02,0.000000000000000000e+00,0.000000000000000000e+00,0.000000000000000000e+00,0.000000000000000000e+00,6.709426122803480164e-01,6.027655499008746087e-01,8.082242134083080787e-01,0.000000000000000000e+00,0.000000000000000000e+00,0.000000000000000000e+00,5.994330433670080893e-01,8.301730442655734787e-01,2.025746383584705601e-01,0.000000000000000000e+00,0.000000000000000000e+00,0.000000000000000000e+00,0.000000000000000000e+00,2.626255624644444620e+00,1.102139698395647294e+00,0.000000000000000000e+00,0.000000000000000000e+00,2.409631243623190089e-01,2.466575161551839632e-02,0.000000000000000000e+00,1.451086752628455712e-01,2.285292064294188463e-01,0.000000000000000000e+00,0.000000000000000000e+00,6.556289421061378686e-02,3.270211565077804639e-01,0.000000000000000000e+00,5.460426388013757126e-01,3.116824068651767310e-01,0.000000000000000000e+00,3.805389929165913787e-01,1.092980305646063244e-01,3.346817612929816471e-02,2.554998495149640031e-02
0.000000000000000000e+00,0.000000000000000000e+00,0.000000000000000000e+00,0.000000000000000000e+00,0.000000000000000000e+00,1.606111235123016887e-02,1.096382264831974596e-01,0.000000000000000000e+00,0.000000000000000000e+00,0.000000000000000000e+00,0.000000000000000000e+00,0.000000000000000000e+00,8.396855536773104034e-02,0.000000000000000000e+00,0.000000000000000000e+00,3.368591855484793229e-01,2.781717541483622047e-01,9.164082209408908053e-01,0.000000000000000000e+00,0.000000000000000000e+00,0.000000000000000000e+00,1.526898383449149244e-01,1.204229215826104982e+00,1.519752664109325357e-01,0.000000000000000000e+00,0.000000000000000000e+00,0.000000000000000000e+00,0.000000000000000000e+00,8.158928449031142005e-01,4.421327991156272508e-01,0.000000000000000000e+00,0.000000000000000000e+00,0.000000000000000000e+00,1.346809910919747888e-01,0.000000000000000000e+00,7.310777299993683753e-01,1.496240349520154167e+00,0.000000000000000000e+00,0.000000000000000000e+00,2.494142316131175638e-02,2.918443346197879262e-01,0.000000000000000000e+00,3.237929462304395489e+00,5.050419677947738384e-01,0.000000000000000000e+00,4.477413684672665872e-01,9.795740896935230257e-02,1.890832921999976435e-01,8.566812359714529035e-02
0.000000000000000000e+00,0.000000000000000000e+00,0.000000000000000000e+00,0.000000000000000000e+00,0.000000000000000000e+00,0.000000000000000000e+00,0.000000000000000000e+00,0.000000000000000000e+00,7.973056812925115588e-01,0.000000000000000000e+00,1.670397904640456843e-02,0.000000000000000000e+00,0.000000000000000000e+00,2.285868711288818744e-01,0.000000000000000000e+00,2.957328509365604874e-01,3.373166376662040111e-01,0.000000000000000000e+00,0.000000000000000000e+00,0.000000000000000000e+00,0.000000000000000000e+00,6.317471572943270663e-01,0.000000000000000000e+00,1.028649028388249620e-01,0.000000000000000000e+00,0.000000000000000000e+00,0.000000000000000000e+00,0.000000000000000000e+00,0.000000000000000000e+00,0.000000000000000000e+00,0.000000000000000000e+00,0.000000000000000000e+00,3.285036977403040237e-01,0.000000000000000000e+00,0.000000000000000000e+00,1.692669216951298711e-02,4.134815536596208596e-01,0.000000000000000000e+00,2.374073422004216172e-01,8.511670727391136559e-02,0.000000000000000000e+00,8.535614876836851439e-02,4.464899228174948886e-01,0.000000000000000000e+00,0.000000000000000000e+00,2.447539321685766878e-01,2.268057866506138165e+00,1.644876367394120520e-01,3.662788425179067664e-01
0.000000000000000000e+00,0.000000000000000000e+00,0.000000000000000000e+00,0.000000000000000000e+00,0.000000000000000000e+00,2.053015256716265169e-01,0.000000000000000000e+00,0.000000000000000000e+00,1.003378935883247003e+00,0.000000000000000000e+00,0.000000000000000000e+00,0.000000000000000000e+00,0.000000000000000000e+00,0.000000000000000000e+00,3.286503607689414963e+00,5.564487644450056836e-01,0.000000000000000000e+00,0.000000000000000000e+00,0.000000000000000000e+00,0.000000000000000000e+00,2.647626951129205403e-02,2.389424799223154872e-01,0.000000000000000000e+00,0.000000000000000000e+00,0.000000000000000000e+00,0.000000000000000000e+00,1.959772899513410049e-01,8.242654044040582662e-01,0.000000000000000000e+00,0.000000000000000000e+00,0.000000000000000000e+00,7.983861437124999474e-03,0.000000000000000000e+00,0.000000000000000000e+00,0.000000000000000000e+00,0.000000000000000000e+00,0.000000000000000000e+00,0.000000000000000000e+00,1.286677149113011343e-01,0.000000000000000000e+00,0.000000000000000000e+00,0.000000000000000000e+00,0.000000000000000000e+00,0.000000000000000000e+00,0.000000000000000000e+00,8.568553366619204859e-01,2.218386645098833765e-01,0.000000000000000000e+00,0.000000000000000000e+00
0.000000000000000000e+00,0.000000000000000000e+00,8.870941334895887653e-02,2.445690419840041568e-02,0.000000000000000000e+00,7.485679887542053823e-01,2.358196553907536130e-01,0.000000000000000000e+00,0.000000000000000000e+00,7.915335329819964683e-01,1.972492237465347298e+00,0.000000000000000000e+00,6.093838845691528228e-01,4.370012952351848279e-01,0.000000000000000000e+00,0.000000000000000000e+00,1.405338364522454198e+00,0.000000000000000000e+00,0.000000000000000000e+00,4.407812018382721575e-02,1.685055566021087525e-01,0.000000000000000000e+00,0.000000000000000000e+00,3.381085288064309413e-01,0.000000000000000000e+00,0.000000000000000000e+00,3.184644367276176502e-01,1.789184999947161625e+00,0.000000000000000000e+00,0.000000000000000000e+00,0.000000000000000000e+00,0.000000000000000000e+00,9.065784257988195385e-03,3.727743319218729812e-01,4.527238749570229315e-01,0.000000000000000000e+00,1.715750017989859100e-01,0.000000000000000000e+00,0.000000000000000000e+00,4.778714331236950663e-01,9.084952887720338932e-01,8.570688470228907674e-01,0.000000000000000000e+00,4.278763109456871355e-02,0.000000000000000000e+00,0.000000000000000000e+00,0.000000000000000000e+00,4.531978967579181061e-02,1.146887687122643440e+00
0.000000000000000000e+00,0.000000000000000000e+00,2.545561879046904785e-01,1.374885753470855565e-01,0.000000000000000000e+00,7.668927158604129657e-01,3.469864697860744474e-01,0.000000000000000000e+00,0.000000000000000000e+00,3.362801764383316350e-01,6.911211956705287651e-01,0.000000000000000000e+00,5.433809440395059170e-02,9.405110921318378114e-01,0.000000000000000000e+00,4.413977796113826430e-02,1.211607306521326199e+00,3.445768731326804279e-01,0.000000000000000000e+00,0.000000000000000000e+00,1.167630340425450441e+00,0.000000000000000000e+00,2.105871309279726822e-01,2.747372473203150145e-01,0.000000000000000000e+00,0.000000000000000000e+00,6.596450735439983726e-01,9.905526866860125956e-01,0.000000000000000000e+00,3.223548122917991310e-01,0.000000000000000000e+00,0.000000000000000000e+00,0.000000000000000000e+00,0.000000000000000000e+00,3.440794263416059873e-01,0.000000000000000000e+00,1.310046537455276661e-01,0.000000000000000000e+00,0.000000000000000000e+00,6.479249801593371938e-01,1.050717279842863006e+00,5.844617328309380522e-01,0.000000000000000000e+00,0.000000000000000000e+00,0.000000000000000000e+00,0.000000000000000000e+00,0.000000000000000000e+00,3.635933893999321320e-01,6.763953287334167896e-01
0.000000000000000000e+00,0.000000000000000000e+00,4.319960712425109373e-01,8.876102107810593389e-02,0.000000000000000000e+00,1.833287767541012248e-01,5.036678545531758644e-01,0.000000000000000000e+00,2.638456913603885734e-02,1.002794810664576319e+00,1.737166249892501887e-02,0.000000000000000000e+00,6.229149852116736691e-02,3.803920290520101943e-01,0.000000000000000000e+00,9.592499403288660131e-01,9.802446253410477262e-01,0.000000000000000000e+00,0.000000000000000000e+00,0.000000000000000000e+00,2.938413376500668139e-01,0.000000000000000000e+00,2.611025882274680202e-02,1.058689234642571919e-01,0.000000000000000000e+00,0.000000000000000000e+00,1.802863731207227094e-01,3.008063336913244790e-01,5.194199660300744537e-01,4.428512173184889766e-01,0.000000000000000000e+00,0.000000000000000000e+00,1.469618220337851056e-01,2.183322517646390792e-01,0.000000000000000000e+00,0.000000000000000000e+00,5.139274153130023448e-01,0.000000000000000000e+00,1.491000481780709874e-01,5.849929387220502708e-01,5.411428509751042837e-02,5.526094621660435635e-01,1.650668396969225682e-01,3.635822217805168011e-01,0.000000000000000000e+00,0.000000000000000000e+00,0.000000000000000000e+00,2.124436353025200008e-01,1.037927109074348736e-01
0.000000000000000000e+00,0.000000000000000000e+00,8.612591925663446238e-03,4.433254915359225584e-02,0.000000000000000000e+00,2.027519525300534864e-01,1.948212112615470282e-01,0.000000000000000000e+00,0.000000000000000000e+00,0.000000000000000000e+00,2.756412625060367105e-01,0.000000000000000000e+00,0.000000000000000000e+00,0.000000000000000000e+00,0.000000000000000000e+00,7.430344208873180811e-01,3.844703119500929578e-01,3.448947567797451541e-02,0.000000000000000000e+00,0.000000000000000000e+00,3.983636929079615308e-01,3.121096319047466650e-01,1.768089333698035989e-02,3.434842786348344390e-01,0.000000000000000000e+00,0.000000000000000000e+00,0.000000000000000000e+00,4.391883213912221168e-02,1.440887479409021232e-01,0.000000000000000000e+00,0.000000000000000000e+00,3.125263401561412802e-01,1.129652310180704555e+00,0.000000000000000000e+00,0.000000000000000000e+00,1.824675900880761592e+00,1.690594462194329461e-01,0.000000000000000000e+00,0.000000000000000000e+00,1.125697726920311392e-01,3.527967446205130808e-01,3.391573111309767463e-01,7.356613968858807251e-01,9.801302202751438486e-02,0.000000000000000000e+00,0.000000000000000000e+00,5.967452397314618878e-02,2.184661789236763685e-01,0.000000000000000000e+00
2.950814699479658021e-01,7.507333860314199248e-01,0.000000000000000000e+00,3.123571053793955041e-02,0.000000000000000000e+00,1.209208395069406861e-01,4.677631298134738991e-01,0.000000000000000000e+00,2.103383635370762728e-01,0.000000000000000000e+00,1.073985572915013009e-01,0.000000000000000000e+00,5.098779259349159321e-02,4.114342578890702318e-01,0.000000000000000000e+00,1.257806487964509556e-01,8.605227223624399568e-02,0.000000000000000000e+00,0.000000000000000000e+00,0.000000000000000000e+00,4.500906026809240457e-01,8.318941829479176153e-01,1.984140078210958613e-01,9.895196126093083189e-01,0.000000000000000000e+00,0.000000000000000000e+00,0.000000000000000000e+00,0.000000000000000000e+00,3.482611889145446060e-01,0.000000000000000000e+00,0.000000000000000000e+00,9.904022594652457379e-01,3.707414125869747945e-01,7.461369591633916498e-02,0.000000000000000000e+00,6.644924531370371978e-01,1.084963153329494778e+00,0.000000000000000000e+00,2.973063473538319346e-01,2.000448775439697402e-01,0.000000000000000000e+00,3.020331265614930594e-01,2.610171453757786919e-02,1.198693472601621401e+00,0.000000000000000000e+00,2.013263526053828689e-01,1.474538686521830733e-01,1.376489372770794417e-01,3.569671434663713172e-01
2.398481603779859320e-02,2.990196310597430518e-01,0.000000000000000000e+00,6.405344892939906359e-03,0.000000000000000000e+00,5.908675988177043426e-01,0.000000000000000000e+00,0.000000000000000000e+00,7.224139466242861241e-02,0.000000000000000000e+00,0.000000000000000000e+00,0.000000000000000000e+00,0.000000000000000000e+00,1.216062887611673998e-01,9.447289009281457928e-02,4.757109146697923174e-01,2.590453741599811621e-02,0.000000000000000000e+00,0.000000000000000000e+00,4.146203319018790800e-01,7.566722652781194824e-01,7.697200278412313912e-02,1.726252163316869745e-02,1.019048213065813779e-01,0.000000000000000000e+00,0.000000000000000000e+00,0.000000000000000000e+00,8.399144569736610721e-01,0.000000000000000000e+00,0.000000000000000000e+00,0.000000000000000000e+00,6.281880849326210159e-01,0.000000000000000000e+00,0.000000000000000000e+00,8.225360344793666845e-03,0.000000000000000000e+00,0.000000000000000000e+00,0.000000000000000000e+00,0.000000000000000000e+00,0.000000000000000000e+00,0.000000000000000000e+00,9.238008378016429600e-02,0.000000000000000000e+00,0.000000000000000000e+00,0.000000000000000000e+00,0.000000000000000000e+00,9.715092004077988674e-01,2.493244338890365092e-02,0.000000000000000000e+00
0.000000000000000000e+00,2.489271479941020798e-02,0.000000000000000000e+00,0.000000000000000000e+00,0.000000000000000000e+00,0.000000000000000000e+00,0.000000000000000000e+00,0.000000000000000000e+00,3.218996131197522370e-01,0.000000000000000000e+00,0.000000000000000000e+00,0.000000000000000000e+00,0.000000000000000000e+00,0.000000000000000000e+00,4.277777821303153927e-02,0.000000000000000000e+00,0.000000000000000000e+00,0.000000000000000000e+00,0.000000000000000000e+00,8.754332645988570014e-03,3.314973198265511733e+00,0.000000000000000000e+00,0.000000000000000000e+00,0.000000000000000000e+00,0.000000000000000000e+00,5.123954170542647235e-01,9.864386256972519362e-01,9.202280514440849268e-01,0.000000000000000000e+00,0.000000000000000000e+00,0.000000000000000000e+00,1.412286041405008685e+00,2.835236153464508746e+00,6.626842977906659549e-01,0.000000000000000000e+00,0.000000000000000000e+00,0.000000000000000000e+00,0.000000000000000000e+00,1.148512006901516225e+00,0.000000000000000000e+00,0.000000000000000000e+00,0.000000000000000000e+00,0.000000000000000000e+00,0.000000000000000000e+00,0.000000000000000000e+00,3.340551514034466041e-01,0.000000000000000000e+00,0.000000000000000000e+00,0.000000000000000000e+00
0.000000000000000000e+00,0.000000000000000000e+00,3.570175907942499949e-01,3.893957502092060818e-01,0.000000000000000000e+00,8.762675494590602132e-02,0.000000000000000000e+00,0.000000000000000000e+00,0.000000000000000000e+00,3.768049111174668342e-01,2.788704817205329700e+00,0.000000000000000000e+00,0.000000000000000000e+00,0.000000000000000000e+00,0.000000000000000000e+00,1.762928561845936715e-01,1.111105688524997914e+00,0.000000000000000000e+00,0.000000000000000000e+00,8.771665487772585881e-03,2.230235122090336308e-01,0.000000000000000000e+00,1.250247396749564477e-01,1.311205401877940435e+00,0.000000000000000000e+00,0.000000000000000000e+00,2.572421178249773011e-01,4.688825122712750315e-01,0.000000000000000000e+00,0.000000000000000000e+00,0.000000000000000000e+00,0.000000000000000000e+00,0.000000000000000000e+00,0.000000000000000000e+00,1.734022087707873944e-02,0.000000000000000000e+00,4.368160802586718711e-02,0.000000000000000000e+00,0.000000000000000000e+00,4.808661219666489628e-01,1.067400296330656140e+00,1.433448930627339246e+00,0.000000000000000000e+00,0.000000000000000000e+00,0.000000000000000000e+00,0.000000000000000000e+00,0.000000000000000000e+00,5.389228611471080788e-02,1.787753817825348257e-01
0.000000000000000000e+00,0.000000000000000000e+00,8.981407131044730208e-02,1.436284208653486327e-01,0.000000000000000000e+00,1.772291890249786395e+00,7.887608520783937482e-01,0.000000000000000000e+00,0.000000000000000000e+00,2.135203901187471554e-01,9.240938807806993172e-01,0.000000000000000000e+00,1.262276067313529704e-01,1.478634187516389087e+00,0.000000000000000000e+00,2.744662752140612505e-01,3.136725698406758189e-01,0.000000000000000000e+00,0.000000000000000000e+00,1.360962491081413039e-01,4.593304036779667920e-01,0.000000000000000000e+00,3.285659422465567747e-01,5.868510677200571291e-01,0.000000000000000000e+00,0.000000000000000000e+00,4.745942722214130383e-01,4.513736501093311704e-01,0.000000000000000000e+00,0.000000000000000000e+00,0.000000000000000000e+00,0.000000000000000000e+00,1.131135969834285576e-01,7.351377909770130392e-01,1.873071539309310862e-01,0.000000000000000000e+00,2.188284960005693058e-01,0.000000000000000000e+00,0.000000000000000000e+00,4.450966181457242654e-01,4.742375360535819317e-01,5.476942202969334872e-01,0.000000000000000000e+00,0.000000000000000000e+00,0.000000000000000000e+00,0.000000000000000000e+00,0.000000000000000000e+00,8.962671615729101565e-03,2.040138665232029691e-01
0.000000000000000000e+00,0.000000000000000000e+00,1.199172575769571925e+00,2.341597320753076583e-01,0.000000000000000000e+00,2.394592033498947892e-01,0.000000000000000000e+00,0.000000000000000000e+00,1.240753944601814124e-01,7.863490444835047333e-02,0.000000000000000000e+00,0.000000000000000000e+00,0.000000000000000000e+00,1.987571269878522839e+00,2.793585172834728292e-01,3.618066425937964126e-01,3.196838748655914109e-01,0.000000000000000000e+00,0.000000000000000000e+00,6.916967819793328198e-01,3.206318392593142108e-01,2.056489233024260399e-01,4.089781091388951517e-01,8.365949548241362610e-01,0.000000000000000000e+00,0.000000000000000000e+00,2.652490908372402978e-01,8.055021298802700347e-01,1.224813271181473678e-01,4.668025955636964097e-01,0.000000000000000000e+00,0.000000000000000000e+00,8.615335752366736627e-03,5.452699452914696598e-01,0.000000000000000000e+00,0.000000000000000000e+00,1.725630899807008289e-02,0.000000000000000000e+00,8.750766947709032184e-02,3.982091225355037234e-01,9.630126183425703756e-02,4.102976062820761771e-01,0.000000000000000000e+00,0.000000000000000000e+00,0.000000000000000000e+00,0.000000000000000000e+00,0.000000000000000000e+00,0.000000000000000000e+00,0.000000000000000000e+00
0.000000000000000000e+00,1.444279144286705618e-01,0.000000000000000000e+00,0.000000000000000000e+00,0.000000000000000000e+00,2.673130533556821176e-01,0.000000000000000000e+00,0.000000000000000000e+00,8.944754596428086124e-01,4.735404157473387388e-01,3.520266929269391665e-01,0.000000000000000000e+00,0.000000000000000000e+00,2.802054992388436916e-01,8.904600656668666403e-01,4.137329973519852655e-01,5.805696089072528432e-01,0.000000000000000000e+00,0.000000000000000000e+00,6.527950997394501575e-01,3.512989681639822059e-02,1.288199474393508792e+00,0.000000000000000000e+00,3.155550096124929427e-01,0.000000000000000000e+00,0.000000000000000000e+00,1.688318615752527896e-02,2.597810492470744026e-01,0.000000000000000000e+00,0.000000000000000000e+00,0.000000000000000000e+00,3.468373927818587527e-02,7.814309418515991146e-02,0.000000000000000000e+00,0.000000000000000000e+00,7.661733884598312949e-01,0.000000000000000000e+00,0.000000000000000000e+00,8.151439010143328445e-02,5.187622270270875191e-02,8.636364085639482158e-02,1.616405785329620703e-01,3.151426008832206027e-01,0.000000000000000000e+00,0.000000000000000000e+00,0.000000000000000000e+00,0.000000000000000000e+00,0.000000000000000000e+00,0.000000000000000000e+00
7.603084912638934378e-01,1.068609531004857782e+00,1.707931426944183512e-02,0.000000000000000000e+00,0.000000000000000000e+00,7.470523119988073391e-02,0.000000000000000000e+00,0.000000000000000000e+00,1.412631282610515404e+00,8.554078203097451039e-02,0.000000000000000000e+00,0.000000000000000000e+00,0.000000000000000000e+00,0.000000000000000000e+00,5.359722982235581856e-01,0.000000000000000000e+00,9.336160954440313187e-02,0.000000000000000000e+00,0.000000000000000000e+00,2.743889359530383709e-01,0.000000000000000000e+00,0.000000000000000000e+00,0.000000000000000000e+00,4.246251069940220058e-01,0.000000000000000000e+00,0.000000000000000000e+00,4.856655759538801992e-02,0.000000000000000000e+00,0.000000000000000000e+00,0.000000000000000000e+00,0.000000000000000000e+00,2.462219900763270353e+00,0.000000000000000000e+00,0.000000000000000000e+00,0.000000000000000000e+00,3.414553981863092252e-02,0.000000000000000000e+00,0.000000000000000000e+00,0.000000000000000000e+00,0.000000000000000000e+00,0.000000000000000000e+00,1.076748059200578062e-01,0.000000000000000000e+00,0.000000000000000000e+00,0.000000000000000000e+00,0.000000000000000000e+00,0.000000000000000000e+00,0.000000000000000000e+00,0.000000000000000000e+00
4.547595817409523788e-01,7.954069393787477349e-01,0.000000000000000000e+00,0.000000000000000000e+00,0.000000000000000000e+00,0.000000000000000000e+00,0.000000000000000000e+00,1.660770923020909173e-01,0.000000000000000000e+00,0.000000000000000000e+00,0.000000000000000000e+00,0.000000000000000000e+00,0.000000000000000000e+00,0.000000000000000000e+00,0.000000000000000000e+00,0.000000000000000000e+00,0.000000000000000000e+00,0.000000000000000000e+00,0.000000000000000000e+00,3.995005189242379906e-01,1.014090795987649285e+00,0.000000000000000000e+00,0.000000000000000000e+00,0.000000000000000000e+00,0.000000000000000000e+00,2.207133442958694181e-01,1.980753947507160329e-01,1.150739171837200092e-01,0.000000000000000000e+00,0.000000000000000000e+00,0.000000000000000000e+00,2.275534539857715366e+00,0.000000000000000000e+00,0.000000000000000000e+00,0.000000000000000000e+00,0.000000000000000000e+00,0.000000000000000000e+00,0.000000000000000000e+00,0.000000000000000000e+00,0.000000000000000000e+00,0.000000000000000000e+00,0.000000000000000000e+00,0.000000000000000000e+00,0.000000000000000000e+00,0.000000000000000000e+00,0.000000000000000000e+00,0.000000000000000000e+00,0.000000000000000000e+00,0.000000000000000000e+00
1.471209843485510538e+00,1.073756515011670576e+00,0.000000000000000000e+00,0.000000000000000000e+00,0.000000000000000000e+00,0.000000000000000000e+00,0.000000000000000000e+00,8.102326114355891049e-03,0.000000000000000000e+00,0.000000000000000000e+00,0.000000000000000000e+00,0.000000000000000000e+00,0.000000000000000000e+00,0.000000000000000000e+00,0.000000000000000000e+00,0.000000000000000000e+00,0.000000000000000000e+00,0.000000000000000000e+00,0.000000000000000000e+00,0.000000000000000000e+00,3.204410138680219289e-02,0.000000000000000000e+00,0.000000000000000000e+00,0.000000000000000000e+00,0.000000000000000000e+00,4.405832469610604818e+00,0.000000000000000000e+00,0.000000000000000000e+00,0.000000000000000000e+00,0.000000000000000000e+00,0.000000000000000000e+00,1.119085820051384683e+00,0.000000000000000000e+00,0.000000000000000000e+00,0.000000000000000000e+00,0.000000000000000000e+00,0.000000000000000000e+00,0.000000000000000000e+00,0.000000000000000000e+00,0.000000000000000000e+00,0.000000000000000000e+00,0.000000000000000000e+00,0.000000000000000000e+00,0.000000000000000000e+00,0.000000000000000000e+00,0.000000000000000000e+00,0.000000000000000000e+00,0.000000000000000000e+00,0.000000000000000000e+00
0.000000000000000000e+00,0.000000000000000000e+00,6.869259692198312894e-01,1.810679849600597358e+00,0.000000000000000000e+00,0.000000000000000000e+00,0.000000000000000000e+00,0.000000000000000000e+00,0.000000000000000000e+00,5.773095509013940196e-01,1.879377818100959940e+00,0.000000000000000000e+00,0.000000000000000000e+00,0.000000000000000000e+00,0.000000000000000000e+00,2.958338204106361613e-01,9.005247280127438581e-01,0.000000000000000000e+00,0.000000000000000000e+00,0.000000000000000000e+00,0.000000000000000000e+00,0.000000000000000000e+00,2.078520746679033415e-01,1.612530901031649977e+00,0.000000000000000000e+00,0.000000000000000000e+00,0.000000000000000000e+00,0.000000000000000000e+00,0.000000000000000000e+00,1.604354116376008887e-01,0.000000000000000000e+00,0.000000000000000000e+00,0.000000000000000000e+00,0.000000000000000000e+00,8.698308260983847462e-03,0.000000000000000000e+00,7.877848798013598053e-02,0.000000000000000000e+00,0.000000000000000000e+00,1.429869805986968112e+00,6.836218135247520422e-01,1.982996488741564534e+00,0.000000000000000000e+00,0.000000000000000000e+00,0.000000000000000000e+00,0.000000000000000000e+00,0.000000000000000000e+00,1.490591519633865381e-01,0.000000000000000000e+00
0.000000000000000000e+00,0.000000000000000000e+00,1.066718996526216517e-01,2.208385995166932125e-01,0.000000000000000000e+00,1.413529653530853081e-01,0.000000000000000000e+00,0.000000000000000000e+00,0.000000000000000000e+00,0.000000000000000000e+00,1.990939119051345907e+00,0.000000000000000000e+00,0.000000000000000000e+00,0.000000000000000000e+00,0.000000000000000000e+00,2.162922608345729525e-01,9.266107827198167834e-01,0.000000000000000000e+00,0.000000000000000000e+00,0.000000000000000000e+00,0.000000000000000000e+00,6.288234834634268133e-02,1.209838235941520068e+00,1.093219735288810668e+00,0.000000000000000000e+00,0.000000000000000000e+00,5.562671399496554869e-01,4.473496712114539975e-02,0.000000000000000000e+00,2.667441758660375750e-02,0.000000000000000000e+00,0.000000000000000000e+00,4.384731561620224677e-02,1.424494498073396009e+00,8.652590691331805139e-01,0.000000000000000000e+00,0.000000000000000000e+00,0.000000000000000000e+00,0.000000000000000000e+00,2.721143833567191694e-01,4.783609151734761200e-01,2.640091640072730547e-02,0.000000000000000000e+00,0.000000000000000000e+00,0.000000000000000000e+00,0.000000000000000000e+00,0.000000000000000000e+00,0.000000000000000000e+00,0.000000000000000000e+00
0.000000000000000000e+00,0.000000000000000000e+00,8.258066807491546424e-01,0.000000000000000000e+00,0.000000000000000000e+00,2.862570166190441245e-01,8.827195771485119025e-02,0.000000000000000000e+00,1.504182691162624930e-01,6.931937813604401033e-02,1.995745931945385465e-01,0.000000000000000000e+00,0.000000000000000000e+00,2.124144240666592243e-01,4.240266665197804929e-01,4.356658507524606705e-01,0.000000000000000000e+00,0.000000000000000000e+00,0.000000000000000000e+00,1.785163173006464044e-01,0.000000000000000000e+00,1.863738313563308102e+00,1.598460060596572196e+00,0.000000000000000000e+00,0.000000000000000000e+00,0.000000000000000000e+00,7.181895903305909878e-02,0.000000000000000000e+00,7.872827328903512223e-01,7.854013630783059086e-02,0.000000000000000000e+00,0.000000000000000000e+00,0.000000000000000000e+00,8.592776569579772122e-03,0.000000000000000000e+00,0.000000000000000000e+00,0.000000000000000000e+00,0.000000000000000000e+00,0.000000000000000000e+00,0.000000000000000000e+00,1.872850353780545207e-01,0.000000000000000000e+00,0.000000000000000000e+00,0.000000000000000000e+00,0.000000000000000000e+00,0.000000000000000000e+00,0.000000000000000000e+00,0.000000000000000000e+00,0.000000000000000000e+00
0.000000000000000000e+00,0.000000000000000000e+00,1.300645330470350247e-01,0.000000000000000000e+00,0.000000000000000000e+00,1.575281742038528721e-01,0.000000000000000000e+00,2.300186919209207537e-01,1.230950023694127315e+00,1.276237859157283827e+00,6.931434871362548433e-01,0.000000000000000000e+00,0.000000000000000000e+00,3.517874195642157337e-02,5.380018095327225580e-02,1.022669253876004714e+00,3.425539077776193486e-02,0.000000000000000000e+00,0.000000000000000000e+00,1.731442877431676131e+00,0.000000000000000000e+00,1.176248371251893188e+00,1.474850320203816789e+00,2.705949993890243155e-01,0.000000000000000000e+00,2.489982604919166731e-01,7.295493009859426170e-01,0.000000000000000000e+00,1.208485310926015049e-01,5.246841237416255410e-01,0.000000000000000000e+00,0.000000000000000000e+00,0.000000000000000000e+00,0.000000000000000000e+00,0.000000000000000000e+00,0.000000000000000000e+00,0.000000000000000000e+00,0.000000000000000000e+00,0.000000000000000000e+00,0.000000000000000000e+00,1.841278675706410350e-01,0.000000000000000000e+00,0.000000000000000000e+00,0.000000000000000000e+00,0.000000000000000000e+00,0.000000000000000000e+00,0.000000000000000000e+00,0.000000000000000000e+00,0.000000000000000000e+00
2.609849197008669464e+00,6.593185230241974670e-01,5.572437138463812722e-01,0.000000000000000000e+00,0.000000000000000000e+00,0.000000000000000000e+00,0.000000000000000000e+00,2.351322332866525866e-01,3.819639560207427342e-01,0.000000000000000000e+00,0.000000000000000000e+00,0.000000000000000000e+00,0.000000000000000000e+00,0.000000000000000000e+00,9.579302509723078840e-01,0.000000000000000000e+00,0.000000000000000000e+00,0.000000000000000000e+00,0.000000000000000000e+00,1.030500465503290775e+00,0.000000000000000000e+00,0.000000000000000000e+00,0.000000000000000000e+00,0.000000000000000000e+00,0.000000000000000000e+00,0.000000000000000000e+00,4.025205361950279226e-01,0.000000000000000000e+00,0.000000000000000000e+00,0.000000000000000000e+00,0.000000000000000000e+00,6.739000828711075308e-02,0.000000000000000000e+00,0.000000000000000000e+00,0.000000000000000000e+00,0.000000000000000000e+00,0.000000000000000000e+00,0.000000000000000000e+00,0.000000000000000000e+00,0.000000000000000000e+00,0.000000000000000000e+00,0.000000000000000000e+00,0.000000000000000000e+00,0.000000000000000000e+00,0.000000000000000000e+00,0.000000000000000000e+00,0.000000000000000000e+00,0.000000000000000000e+00,0.000000000000000000e+00
1.495196020830969585e+00,3.568841753554366503e-01,0.000000000000000000e+00,0.000000000000000000e+00,0.000000000000000000e+00,0.000000000000000000e+00,0.000000000000000000e+00,9.055469868084153884e-01,0.000000000000000000e+00,0.000000000000000000e+00,0.000000000000000000e+00,0.000000000000000000e+00,0.000000000000000000e+00,0.000000000000000000e+00,2.167358228412036569e-01,0.000000000000000000e+00,0.000000000000000000e+00,0.000000000000000000e+00,0.000000000000000000e+00,6.013693966973452376e-01,0.000000000000000000e+00,0.000000000000000000e+00,0.000000000000000000e+00,0.000000000000000000e+00,0.000000000000000000e+00,9.881771121107815192e-01,4.760681091624317518e-01,0.000000000000000000e+00,0.000000000000000000e+00,0.000000000000000000e+00,0.000000000000000000e+00,1.312608473951037302e+00,0.000000000000000000e+00,0.000000000000000000e+00,0.000000000000000000e+00,0.000000000000000000e+00,0.000000000000000000e+00,0.000000000000000000e+00,0.000000000000000000e+00,0.000000000000000000e+00,0.000000000000000000e+00,0.000000000000000000e+00,0.000000000000000000e+00,0.000000000000000000e+00,0.000000000000000000e+00,0.000000000000000000e+00,0.000000000000000000e+00,0.000000000000000000e+00,0.000000000000000000e+00
2.986212408278617336e-01,2.216703958869584157e-02,0.000000000000000000e+00,0.000000000000000000e+00,0.000000000000000000e+00,0.000000000000000000e+00,0.000000000000000000e+00,4.077670085774832032e+00,0.000000000000000000e+00,0.000000000000000000e+00,0.000000000000000000e+00,0.000000000000000000e+00,0.000000000000000000e+00,0.000000000000000000e+00,0.000000000000000000e+00,0.000000000000000000e+00,0.000000000000000000e+00,0.000000000000000000e+00,0.000000000000000000e+00,0.000000000000000000e+00,0.000000000000000000e+00,0.000000000000000000e+00,0.000000000000000000e+00,0.000000000000000000e+00,0.000000000000000000e+00,3.481931070078632118e-01,0.000000000000000000e+00,0.000000000000000000e+00,0.000000000000000000e+00,0.000000000000000000e+00,0.000000000000000000e+00,3.051820439347631073e-02,0.000000000000000000e+00,0.000000000000000000e+00,0.000000000000000000e+00,0.000000000000000000e+00,0.000000000000000000e+00,0.000000000000000000e+00,0.000000000000000000e+00,0.000000000000000000e+00,0.000000000000000000e+00,0.000000000000000000e+00,0.000000000000000000e+00,0.000000000000000000e+00,0.000000000000000000e+00,0.000000000000000000e+00,0.000000000000000000e+00,0.000000000000000000e+00,0.000000000000000000e+00
0.000000000000000000e+00,0.000000000000000000e+00,4.115035414929841817e-01,1.848023452047116377e+00,0.000000000000000000e+00,0.000000000000000000e+00,0.000000000000000000e+00,0.000000000000000000e+00,0.000000000000000000e+00,6.244834626520028298e-01,6.159384977638006076e-01,0.000000000000000000e+00,0.000000000000000000e+00,0.000000000000000000e+00,0.000000000000000000e+00,6.969201676880383278e-01,1.222165018933590419e+00,0.000000000000000000e+00,0.000000000000000000e+00,0.000000000000000000e+00,0.000000000000000000e+00,2.623570635856715266e-02,2.253329842413299700e-01,1.920969027150760400e-01,0.000000000000000000e+00,0.000000000000000000e+00,0.000000000000000000e+00,0.000000000000000000e+00,0.000000000000000000e+00,0.000000000000000000e+00,0.000000000000000000e+00,0.000000000000000000e+00,0.000000000000000000e+00,1.956788747169623810e-01,1.869560463960625030e-01,0.000000000000000000e+00,0.000000000000000000e+00,0.000000000000000000e+00,0.000000000000000000e+00,1.766589377861159382e-02,1.866602136673400691e+00,2.834538856172162280e+00,0.000000000000000000e+00,0.000000000000000000e+00,0.000000000000000000e+00,0.000000000000000000e+00,0.000000000000000000e+00,0.000000000000000000e+00,0.000000000000000000e+00
0.000000000000000000e+00,0.000000000000000000e+00,2.436342798736689019e+00,1.745519112304012799e+00,0.000000000000000000e+00,0.000000000000000000e+00,0.000000000000000000e+00,0.000000000000000000e+00,2.092587094826936500e-01,5.694870858302502059e-01,4.788439411511830751e-02,0.000000000000000000e+00,0.000000000000000000e+00,0.000000000000000000e+00,9.518124566303571843e-01,7.887990168623281173e-01,5.313782981688561224e-02,0.000000000000000000e+00,0.000000000000000000e+00,0.000000000000000000e+00,0.000000000000000000e+00,1.626520834149946415e+00,1.375321119234521383e+00,1.291523251450331367e-01,0.000000000000000000e+00,0.000000000000000000e+00,0.000000000000000000e+00,0.000000000000000000e+00,1.462399100855825140e-01,0.000000000000000000e+00,0.000000000000000000e+00,0.000000000000000000e+00,0.000000000000000000e+00,3.479156692246189453e-02,0.000000000000000000e+00,0.000000000000000000e+00,0.000000000000000000e+00,0.000000000000000000e+00,0.000000000000000000e+00,2.256897520448645778e-01,6.873259342196880173e-01,0.000000000000000000e+00,0.000000000000000000e+00,0.000000000000000000e+00,0.000000000000000000e+00,0.000000000000000000e+00,0.000000000000000000e+00,0.000000000000000000e+00,9.430444477539186299e-02
0.000000000000000000e+00,0.000000000000000000e+00,4.282427830339949892e-01,4.380738454760249589e-01,0.000000000000000000e+00,1.174521553488715897e+00,0.000000000000000000e+00,0.000000000000000000e+00,7.821376080332765879e-01,0.000000000000000000e+00,4.185902462093329945e-01,0.000000000000000000e+00,0.000000000000000000e+00,0.000000000000000000e+00,6.412757028065223519e-01,2.565181039129704188e-01,0.000000000000000000e+00,0.000000000000000000e+00,0.000000000000000000e+00,5.422544347215958460e-01,0.000000000000000000e+00,1.943563239584191304e+00,1.065639227242968889e+00,0.000000000000000000e+00,0.000000000000000000e+00,0.000000000000000000e+00,3.315518715827130425e-01,0.000000000000000000e+00,0.000000000000000000e+00,0.000000000000000000e+00,0.000000000000000000e+00,0.000000000000000000e+00,0.000000000000000000e+00,0.000000000000000000e+00,0.000000000000000000e+00,0.000000000000000000e+00,0.000000000000000000e+00,0.000000000000000000e+00,0.000000000000000000e+00,0.000000000000000000e+00,0.000000000000000000e+00,1.028045198345830941e-01,0.000000000000000000e+00,0.000000000000000000e+00,0.000000000000000000e+00,0.000000000000000000e+00,0.000000000000000000e+00,0.000000000000000000e+00,0.000000000000000000e+00
2.633854816334150750e-01,2.588924543313285032e+00,1.434941071186491834e+00,6.977826990979359989e-01,0.000000000000000000e+00,3.022546713630153148e-01,0.000000000000000000e+00,7.185998123264925042e-01,2.705465974195019108e+00,7.378435442155309998e-01,0.000000000000000000e+00,0.000000000000000000e+00,0.000000000000000000e+00,0.000000000000000000e+00,1.157641943535345330e+00,6.780832679954101883e-02,0.000000000000000000e+00,0.000000000000000000e+00,0.000000000000000000e+00,2.117518547322102540e-01,0.000000000000000000e+00,1.206371383493355931e-01,1.374445146937783024e-01,0.000000000000000000e+00,0.000000000000000000e+00,0.000000000000000000e+00,0.000000000000000000e+00,0.000000000000000000e+00,0.000000000000000000e+00,0.000000000000000000e+00,0.000000000000000000e+00,0.000000000000000000e+00,0.000000000000000000e+00,2.432790606217062612e-01,0.000000000000000000e+00,0.000000000000000000e+00,0.000000000000000000e+00,0.000000000000000000e+00,0.000000000000000000e+00,0.000000000000000000e+00,1.416348670798061316e-01,0.000000000000000000e+00,0.000000000000000000e+00,0.000000000000000000e+00,0.000000000000000000e+00,0.000000000000000000e+00,0.000000000000000000e+00,0.000000000000000000e+00,0.000000000000000000e+00
2.073563001588514254e+00,1.341812363321362556e+00,1.777852624324352204e+00,0.000000000000000000e+00,0.000000000000000000e+00,0.000000000000000000e+00,0.000000000000000000e+00,3.289627113907374056e+00,4.827330954427099807e-01,2.067765158507623158e-01,0.000000000000000000e+00,0.000000000000000000e+00,0.000000000000000000e+00,0.000000000000000000e+00,2.049296636035496944e-01,3.806588030324807859e-01,0.000000000000000000e+00,0.000000000000000000e+00,0.000000000000000000e+00,4.429209947429267880e-01,0.000000000000000000e+00,8.454013915702766890e-02,1.443697108414631336e-01,0.000000000000000000e+00,0.000000000000000000e+00,0.000000000000000000e+00,3.130693763716831113e-02,0.000000000000000000e+00,0.000000000000000000e+00,0.000000000000000000e+00,0.000000000000000000e+00,6.686400992553348521e-02,0.000000000000000000e+00,5.751809586319433371e-02,0.000000000000000000e+00,0.000000000000000000e+00,0.000000000000000000e+00,0.000000000000000000e+00,0.000000000000000000e+00,0.000000000000000000e+00,1.481367468079554106e-01,0.000000000000000000e+00,0.000000000000000000e+00,0.000000000000000000e+00,0.000000000000000000e+00,0.000000000000000000e+00,0.000000000000000000e+00,0.000000000000000000e+00,0.000000000000000000e+00
4.631602951590799044e+00,1.880711601561211865e-01,5.551948307110060599e-01,0.000000000000000000e+00,0.000000000000000000e+00,0.000000000000000000e+00,0.000000000000000000e+00,1.289406888602273149e+00,7.757078792590486049e-01,0.000000000000000000e+00,0.000000000000000000e+00,0.000000000000000000e+00,0.000000000000000000e+00,0.000000000000000000e+00,9.508398083492766717e-02,0.000000000000000000e+00,0.000000000000000000e+00,0.000000000000000000e+00,0.000000000000000000e+00,0.000000000000000000e+00,0.000000000000000000e+00,0.000000000000000000e+00,0.000000000000000000e+00,0.000000000000000000e+00,0.000000000000000000e+00,0.000000000000000000e+00,0.000000000000000000e+00,0.000000000000000000e+00,0.000000000000000000e+00,0.000000000000000000e+00,0.000000000000000000e+00,0.000000000000000000e+00,0.000000000000000000e+00,0.000000000000000000e+00,0.000000000000000000e+00,0.000000000000000000e+00,0.000000000000000000e+00,0.000000000000000000e+00,0.000000000000000000e+00,0.000000000000000000e+00,0.000000000000000000e+00,0.000000000000000000e+00,0.000000000000000000e+00,0.000000000000000000e+00,0.000000000000000000e+00,0.000000000000000000e+00,0.000000000000000000e+00,0.000000000000000000e+00,0.000000000000000000e+00
1.302202853180944198e+00,0.000000000000000000e+00,0.000000000000000000e+00,0.000000000000000000e+00,0.000000000000000000e+00,0.000000000000000000e+00,0.000000000000000000e+00,5.402303690345019227e+00,7.635596639064334834e-02,0.000000000000000000e+00,0.000000000000000000e+00,0.000000000000000000e+00,0.000000000000000000e+00,0.000000000000000000e+00,0.000000000000000000e+00,0.000000000000000000e+00,0.000000000000000000e+00,0.000000000000000000e+00,0.000000000000000000e+00,0.000000000000000000e+00,0.000000000000000000e+00,0.000000000000000000e+00,0.000000000000000000e+00,0.000000000000000000e+00,0.000000000000000000e+00,0.000000000000000000e+00,0.000000000000000000e+00,0.000000000000000000e+00,0.000000000000000000e+00,0.000000000000000000e+00,0.000000000000000000e+00,0.000000000000000000e+00,0.000000000000000000e+00,0.000000000000000000e+00,0.000000000000000000e+00,0.000000000000000000e+00,0.000000000000000000e+00,0.000000000000000000e+00,0.000000000000000000e+00,0.000000000000000000e+00,0.000000000000000000e+00,0.000000000000000000e+00,0.000000000000000000e+00,0.000000000000000000e+00,0.000000000000000000e+00,0.000000000000000000e+00,0.000000000000000000e+00,0.000000000000000000e+00,0.000000000000000000e+00
